Date,Open
11/05/2015,"1,109.90"
10/03/2019,"1,505.60"
02/01/2018,"1,348.20"
09/19/2017,"1,308.40"
04/01/2013,"1,598.10"
10/12/2020,"1,935.00"
04/22/2019,"1,278.00"
10/24/2022,"1,662.00"
06/18/2013,"1,384.30"
09/19/2016,"1,310.40"
06/27/2018,"1,260.50"
04/26/2018,"1,324.20"
02/20/2013,"1,604.20"
04/05/2016,"1,217.10"
01/24/2014,"1,264.20"
03/26/2013,"1,604.00"
02/11/2022,"1,827.00"
08/24/2020,"1,938.90"
02/24/2016,"1,226.00"
08/31/2016,"1,315.50"
11/11/2019,"1,463.40"
03/03/2022,"1,933.00"
06/14/2019,"1,346.50"
02/12/2021,"1,825.40"
11/24/2021,"1,793.40"
09/30/2021,"1,726.00"
02/27/2014,"1,331.90"
06/07/2022,"1,843.50"
06/27/2014,"1,320.10"
11/13/2015,"1,084.00"
10/20/2020,"1,906.40"
07/25/2017,"1,256.10"
08/06/2020,"2,042.60"
09/18/2019,"1,506.20"
03/12/2013,"1,583.60"
04/13/2022,"1,970.50"
04/22/2022,"1,953.10"
09/04/2015,"1,125.00"
12/16/2014,"1,195.40"
08/31/2018,"1,202.70"
02/18/2020,"1,585.10"
09/15/2014,"1,232.40"
12/21/2022,"1,827.90"
01/07/2014,"1,241.30"
12/31/2014,"1,199.10"
04/01/2016,"1,234.10"
06/20/2013,"1,351.20"
09/04/2017,"1,339.70"
09/30/2015,"1,127.20"
03/01/2018,"1,311.80"
10/31/2014,"1,171.90"
04/20/2020,"1,693.00"
05/18/2022,"1,816.20"
07/31/2015,"1,087.80"
01/23/2018,"1,335.20"
06/24/2013,"1,296.30"
07/30/2014,"1,300.10"
06/15/2015,"1,180.00"
05/06/2015,"1,195.80"
08/11/2017,"1,289.50"
12/04/2018,"1,236.30"
12/06/2013,"1,225.00"
06/28/2021,"1,782.00"
05/25/2016,"1,228.60"
09/17/2021,"1,755.30"
10/02/2017,"1,282.20"
05/18/2017,"1,263.00"
03/20/2020,"1,476.10"
10/11/2019,"1,498.30"
09/10/2019,"1,498.80"
04/04/2017,"1,255.50"
08/12/2013,"1,313.80"
06/01/2022,"1,840.00"
01/17/2017,"1,200.80"
03/26/2015,"1,195.80"
05/07/2021,"1,816.20"
01/07/2015,"1,217.50"
04/08/2013,"1,580.80"
07/04/2014,"1,321.40"
09/01/2015,"1,139.80"
06/16/2015,"1,185.30"
12/22/2020,"1,883.00"
08/28/2018,"1,212.80"
06/04/2015,"1,185.80"
11/01/2017,"1,271.60"
11/16/2017,"1,280.50"
03/02/2022,"1,947.20"
06/23/2016,"1,268.10"
10/28/2020,"1,909.80"
07/19/2017,"1,243.40"
06/27/2019,"1,414.90"
07/23/2021,"1,808.30"
02/01/2022,"1,798.90"
08/20/2015,"1,132.60"
03/10/2017,"1,202.00"
01/02/2015,"1,187.20"
09/23/2019,"1,520.00"
03/07/2017,"1,227.10"
05/25/2020,"1,734.80"
10/28/2022,"1,667.20"
01/26/2021,"1,856.00"
02/06/2018,"1,343.10"
10/11/2022,"1,675.60"
05/12/2014,"1,284.00"
04/10/2013,"1,585.00"
07/03/2020,"1,787.90"
10/08/2018,"1,206.70"
12/11/2018,"1,249.80"
05/17/2018,"1,293.10"
11/21/2018,"1,225.70"
01/03/2018,"1,322.00"
02/28/2019,"1,327.80"
02/21/2013,"1,564.80"
05/25/2017,"1,260.30"
10/23/2017,"1,281.50"
08/17/2018,"1,177.50"
04/29/2014,"1,296.40"
01/16/2015,"1,263.60"
10/29/2019,"1,494.30"
06/25/2020,"1,772.30"
10/18/2021,"1,767.50"
04/01/2021,"1,709.00"
06/15/2016,"1,288.10"
07/10/2019,"1,401.20"
04/30/2018,"1,322.30"
09/27/2018,"1,198.90"
06/27/2017,"1,245.20"
12/22/2015,"1,078.00"
11/09/2022,"1,715.20"
04/11/2013,"1,559.00"
02/10/2022,"1,834.00"
01/14/2022,"1,822.90"
12/17/2020,"1,868.40"
11/30/2016,"1,190.70"
01/21/2016,"1,101.70"
05/24/2016,"1,250.80"
07/23/2020,"1,877.50"
05/30/2019,"1,285.10"
11/19/2019,"1,476.40"
05/08/2017,"1,224.20"
09/20/2021,"1,752.20"
08/22/2022,"1,750.50"
03/13/2014,"1,366.00"
05/15/2014,"1,305.30"
03/08/2016,"1,269.50"
02/24/2015,"1,201.90"
08/06/2013,"1,302.90"
02/16/2015,"1,227.50"
07/20/2015,"1,131.30"
01/14/2015,"1,232.30"
04/27/2016,"1,245.70"
07/19/2018,"1,228.90"
01/24/2022,"1,835.30"
07/08/2022,"1,743.70"
06/02/2020,"1,750.30"
10/02/2014,"1,213.40"
05/19/2017,"1,248.60"
11/08/2017,"1,276.10"
12/26/2013,"1,203.80"
05/02/2013,"1,452.50"
09/07/2020,"1,938.00"
06/26/2020,"1,774.80"
05/23/2018,"1,294.40"
03/09/2021,"1,686.90"
04/17/2013,"1,371.40"
09/16/2016,"1,317.60"
05/09/2017,"1,228.90"
07/05/2019,"1,426.50"
03/20/2013,"1,613.70"
01/10/2019,"1,297.30"
07/09/2014,"1,322.50"
12/15/2017,"1,255.50"
03/18/2019,"1,303.00"
12/12/2013,"1,252.30"
10/28/2013,"1,352.70"
08/01/2017,"1,272.40"
07/23/2014,"1,308.20"
10/02/2018,"1,192.70"
12/23/2019,"1,482.40"
06/04/2014,"1,244.90"
01/10/2018,"1,315.00"
05/24/2022,"1,855.40"
12/22/2014,"1,196.00"
08/08/2018,"1,214.10"
11/17/2017,"1,279.90"
03/24/2014,"1,334.50"
03/03/2017,"1,236.00"
09/13/2019,"1,503.30"
02/15/2021,"1,826.00"
04/06/2020,"1,647.70"
11/02/2022,"1,651.40"
05/11/2017,"1,220.10"
10/07/2013,"1,312.30"
06/18/2018,"1,281.10"
01/19/2018,"1,329.80"
10/04/2017,"1,274.50"
09/09/2015,"1,116.70"
03/18/2013,"1,602.70"
05/22/2020,"1,732.20"
03/15/2017,"1,199.50"
10/26/2016,"1,274.00"
07/29/2022,"1,762.40"
12/31/2015,"1,062.30"
04/29/2021,"1,769.40"
08/03/2021,"1,814.10"
08/04/2021,"1,810.80"
08/28/2017,"1,294.10"
05/01/2015,"1,175.50"
04/23/2021,"1,784.00"
12/03/2014,"1,197.60"
01/23/2015,"1,301.70"
02/14/2020,"1,579.00"
08/26/2021,"1,790.50"
08/09/2018,"1,217.10"
05/26/2021,"1,900.50"
05/27/2014,"1,291.00"
09/20/2019,"1,508.80"
03/28/2017,"1,255.30"
08/11/2022,"1,797.90"
09/03/2015,"1,127.90"
07/16/2018,"1,245.20"
01/22/2016,"1,101.10"
03/16/2016,"1,234.00"
04/10/2019,"1,308.20"
08/12/2014,"1,308.30"
05/07/2020,"1,698.40"
12/09/2015,"1,074.30"
12/02/2020,"1,819.10"
05/11/2020,"1,714.20"
09/17/2018,"1,198.50"
09/22/2022,"1,674.30"
03/14/2018,"1,329.40"
04/26/2013,"1,467.30"
04/25/2022,"1,931.90"
10/18/2017,"1,286.90"
12/24/2018,"1,260.70"
07/21/2015,"1,097.70"
07/29/2019,"1,423.20"
11/03/2022,"1,639.10"
06/13/2019,"1,337.80"
06/05/2017,"1,282.60"
05/20/2016,"1,258.50"
04/17/2018,"1,349.10"
12/30/2015,"1,060.10"
10/25/2022,"1,649.60"
05/17/2019,"1,290.10"
03/28/2014,"1,292.30"
12/19/2022,"1,801.60"
10/18/2013,"1,318.80"
06/20/2019,"1,364.50"
09/17/2020,"1,962.50"
09/13/2013,"1,328.20"
08/02/2021,"1,814.60"
06/07/2013,"1,412.70"
07/20/2022,"1,713.70"
04/16/2018,"1,349.80"
06/09/2017,"1,283.50"
08/01/2013,"1,324.00"
07/03/2013,"1,246.80"
12/19/2017,"1,265.40"
02/17/2020,"1,585.10"
11/11/2013,"1,287.00"
02/04/2013,"1,669.10"
11/15/2019,"1,478.50"
02/05/2021,"1,794.30"
08/26/2016,"1,321.30"
07/03/2017,"1,244.40"
12/18/2013,"1,230.30"
03/31/2017,"1,244.60"
07/06/2018,"1,261.50"
05/20/2022,"1,842.70"
03/17/2022,"1,930.60"
05/15/2013,"1,426.90"
08/13/2020,"1,918.10"
01/15/2015,"1,230.80"
08/11/2016,"1,347.90"
03/08/2022,"2,004.30"
02/17/2015,"1,227.50"
04/15/2021,"1,736.60"
03/23/2022,"1,924.00"
06/17/2013,"1,390.10"
10/05/2022,"1,734.40"
08/28/2019,"1,545.60"
10/11/2017,"1,290.70"
02/28/2022,"1,913.00"
03/04/2019,"1,297.60"
04/11/2022,"1,949.60"
01/05/2015,"1,196.40"
02/22/2018,"1,326.20"
03/17/2017,"1,227.00"
08/08/2014,"1,313.70"
01/13/2022,"1,827.80"
07/04/2016,"1,345.00"
02/20/2014,"1,311.00"
04/20/2016,"1,251.30"
02/04/2014,"1,257.90"
04/17/2017,"1,292.40"
09/24/2018,"1,201.20"
09/15/2021,"1,804.10"
07/23/2019,"1,429.60"
10/31/2013,"1,332.90"
09/26/2016,"1,340.50"
03/06/2014,"1,338.60"
01/11/2021,"1,851.20"
09/10/2021,"1,804.20"
04/13/2021,"1,732.20"
11/01/2013,"1,325.00"
07/08/2019,"1,404.30"
03/02/2021,"1,720.20"
12/01/2021,"1,777.40"
02/06/2014,"1,257.70"
04/06/2018,"1,329.70"
05/02/2022,"1,894.50"
07/22/2015,"1,100.30"
09/26/2022,"1,643.00"
06/03/2021,"1,910.50"
09/27/2022,"1,626.70"
03/08/2013,"1,582.00"
07/09/2018,"1,260.40"
07/31/2018,"1,224.90"
09/01/2020,"1,977.40"
10/25/2019,"1,506.40"
01/02/2018,"1,311.00"
04/15/2013,"1,481.00"
06/22/2022,"1,834.90"
12/16/2015,"1,060.30"
06/29/2016,"1,328.60"
08/12/2022,"1,793.90"
06/11/2018,"1,303.50"
11/12/2020,"1,869.00"
11/27/2013,"1,241.10"
07/26/2022,"1,721.80"
01/21/2013,"1,686.50"
02/19/2016,"1,231.20"
04/27/2017,"1,267.60"
12/04/2013,"1,223.00"
10/04/2021,"1,762.60"
07/22/2016,"1,332.80"
05/09/2022,"1,883.60"
04/19/2021,"1,778.80"
07/06/2022,"1,771.90"
04/29/2016,"1,278.20"
01/26/2015,"1,295.70"
06/22/2015,"1,199.70"
02/19/2021,"1,774.60"
10/23/2015,"1,165.90"
05/27/2022,"1,855.10"
08/18/2022,"1,766.30"
05/26/2016,"1,222.00"
07/15/2014,"1,309.50"
05/23/2019,"1,276.80"
03/21/2018,"1,313.90"
04/22/2020,"1,703.10"
04/28/2016,"1,267.30"
01/04/2022,"1,807.90"
07/07/2017,"1,221.70"
02/13/2020,"1,569.80"
05/19/2020,"1,742.90"
07/24/2019,"1,421.30"
11/19/2014,"1,194.70"
06/11/2019,"1,331.80"
01/29/2020,"1,569.00"
09/17/2019,"1,503.60"
06/18/2015,"1,184.20"
10/13/2021,"1,760.40"
04/10/2018,"1,339.80"
11/22/2019,"1,468.90"
12/14/2016,"1,159.80"
03/05/2013,"1,581.30"
02/06/2017,"1,221.90"
12/19/2014,"1,198.00"
08/22/2017,"1,293.20"
08/13/2019,"1,515.40"
12/04/2015,"1,062.00"
06/04/2019,"1,329.70"
06/02/2016,"1,215.90"
03/01/2019,"1,311.10"
09/11/2019,"1,493.50"
03/16/2018,"1,318.80"
01/05/2016,"1,076.60"
09/23/2014,"1,219.20"
12/02/2015,"1,067.90"
08/02/2017,"1,271.70"
06/28/2016,"1,328.30"
07/20/2017,"1,242.10"
09/14/2017,"1,320.00"
09/28/2020,"1,860.40"
05/16/2016,"1,275.20"
04/16/2020,"1,743.50"
02/07/2020,"1,570.70"
04/03/2018,"1,345.00"
01/31/2014,"1,244.00"
09/07/2017,"1,337.80"
05/20/2021,"1,871.10"
06/26/2017,"1,258.10"
11/03/2021,"1,777.00"
07/14/2020,"1,811.50"
03/17/2015,"1,154.50"
03/15/2016,"1,236.10"
08/19/2016,"1,353.30"
02/18/2019,"1,327.90"
01/13/2014,"1,248.80"
01/15/2013,"1,669.70"
02/15/2017,"1,228.60"
11/27/2015,"1,070.60"
10/10/2016,"1,258.50"
10/14/2022,"1,665.60"
10/09/2015,"1,138.10"
03/09/2018,"1,322.00"
12/20/2019,"1,482.70"
11/24/2016,"1,189.40"
03/14/2014,"1,376.00"
06/28/2022,"1,823.60"
01/03/2019,"1,293.50"
06/11/2015,"1,185.70"
04/23/2020,"1,736.50"
07/02/2014,"1,326.10"
03/11/2019,"1,300.90"
03/30/2015,"1,198.60"
06/10/2015,"1,175.80"
11/27/2019,"1,468.30"
12/29/2016,"1,145.50"
06/19/2013,"1,367.30"
02/25/2015,"1,200.80"
10/08/2013,"1,323.00"
01/16/2013,"1,682.20"
04/03/2019,"1,296.90"
03/04/2022,"1,944.30"
01/18/2016,"1,089.30"
08/25/2021,"1,802.60"
01/15/2019,"1,294.30"
09/14/2020,"1,943.40"
07/29/2015,"1,094.70"
05/30/2022,"1,856.50"
08/31/2021,"1,816.90"
06/25/2013,"1,281.70"
04/30/2015,"1,205.10"
04/17/2019,"1,279.50"
12/18/2019,"1,480.40"
08/02/2022,"1,779.30"
01/22/2021,"1,871.20"
11/01/2022,"1,636.10"
06/24/2022,"1,824.20"
06/17/2021,"1,812.30"
04/26/2016,"1,239.80"
04/28/2015,"1,201.60"
09/30/2014,"1,215.70"
11/08/2013,"1,307.70"
05/09/2016,"1,288.40"
09/02/2019,"1,535.20"
01/08/2016,"1,108.70"
06/01/2021,"1,906.80"
03/02/2017,"1,249.40"
05/23/2017,"1,263.30"
02/18/2013,"1,610.00"
03/25/2020,"1,680.00"
09/15/2020,"1,968.00"
11/19/2020,"1,874.80"
09/08/2017,"1,352.20"
02/11/2021,"1,844.30"
10/06/2020,"1,917.80"
10/30/2013,"1,349.70"
12/27/2021,"1,810.20"
05/22/2013,"1,373.80"
10/25/2018,"1,236.60"
10/06/2017,"1,270.60"
09/05/2013,"1,391.80"
08/12/2015,"1,108.00"
11/06/2014,"1,143.20"
10/09/2019,"1,510.90"
09/21/2015,"1,138.30"
02/12/2014,"1,290.10"
12/29/2014,"1,194.90"
08/21/2019,"1,511.60"
08/03/2020,"1,985.20"
02/27/2013,"1,615.10"
01/25/2018,"1,359.60"
11/17/2022,"1,777.00"
04/27/2020,"1,745.00"
04/05/2021,"1,730.00"
01/12/2022,"1,822.50"
11/27/2020,"1,812.10"
03/05/2018,"1,330.50"
03/27/2017,"1,251.70"
08/24/2022,"1,752.20"
04/30/2020,"1,737.70"
11/17/2020,"1,891.20"
07/03/2014,"1,324.80"
01/29/2019,"1,305.00"
01/08/2020,"1,580.60"
03/24/2020,"1,564.60"
06/08/2017,"1,289.50"
08/30/2018,"1,202.50"
11/28/2014,"1,197.80"
08/10/2018,"1,215.30"
12/20/2022,"1,796.80"
06/15/2020,"1,740.70"
08/05/2016,"1,362.00"
06/07/2021,"1,894.30"
11/08/2018,"1,231.30"
06/08/2022,"1,855.00"
07/10/2020,"1,815.50"
12/10/2020,"1,843.00"
02/05/2019,"1,316.80"
03/28/2019,"1,315.00"
06/14/2013,"1,384.80"
01/21/2019,"1,282.40"
07/18/2019,"1,433.30"
08/21/2017,"1,285.50"
07/27/2017,"1,261.30"
09/03/2021,"1,814.50"
04/28/2022,"1,894.80"
04/06/2016,"1,232.60"
05/01/2020,"1,697.10"
10/01/2013,"1,328.20"
05/28/2019,"1,287.20"
05/13/2013,"1,442.10"
05/04/2021,"1,789.40"
04/13/2015,"1,207.20"
05/24/2019,"1,285.90"
09/09/2014,"1,257.20"
11/18/2015,"1,069.20"
11/11/2014,"1,152.30"
01/04/2021,"1,917.80"
03/07/2016,"1,267.20"
04/18/2016,"1,236.30"
01/13/2021,"1,860.00"
10/07/2019,"1,518.60"
10/11/2016,"1,261.70"
10/05/2017,"1,277.50"
10/15/2015,"1,184.00"
10/12/2021,"1,753.60"
06/17/2020,"1,735.30"
02/14/2018,"1,331.90"
11/23/2015,"1,075.00"
12/15/2022,"1,818.70"
12/02/2022,"1,817.00"
07/18/2018,"1,229.60"
12/19/2016,"1,136.10"
11/15/2013,"1,287.50"
05/19/2021,"1,872.20"
03/22/2019,"1,312.30"
02/16/2022,"1,855.50"
06/14/2017,"1,268.40"
08/07/2018,"1,211.00"
11/06/2018,"1,235.70"
02/14/2019,"1,309.60"
02/08/2017,"1,235.20"
11/15/2018,"1,215.40"
01/21/2015,"1,293.60"
01/25/2016,"1,098.00"
09/29/2022,"1,669.00"
03/13/2013,"1,592.60"
12/18/2017,"1,257.80"
10/03/2018,"1,207.00"
01/30/2013,"1,664.10"
03/13/2017,"1,207.00"
06/14/2018,"1,303.10"
07/08/2014,"1,320.80"
09/09/2013,"1,385.30"
07/15/2020,"1,819.00"
09/20/2022,"1,682.30"
07/05/2021,"1,787.50"
05/24/2018,"1,296.10"
07/09/2013,"1,236.00"
11/10/2015,"1,090.50"
12/28/2022,"1,822.40"
02/21/2022,"1,903.50"
03/21/2019,"1,316.00"
11/24/2017,"1,292.80"
03/30/2022,"1,924.00"
05/05/2015,"1,190.00"
03/25/2022,"1,962.30"
12/27/2016,"1,135.30"
09/18/2020,"1,948.20"
03/04/2021,"1,709.50"
07/02/2021,"1,785.50"
02/07/2018,"1,326.60"
05/10/2016,"1,267.10"
01/23/2014,"1,235.30"
02/22/2017,"1,236.90"
10/22/2019,"1,487.50"
05/16/2014,"1,296.00"
01/12/2015,"1,225.30"
08/19/2021,"1,787.40"
06/06/2017,"1,282.50"
12/28/2015,"1,075.20"
06/12/2018,"1,304.50"
03/23/2018,"1,332.00"
10/26/2018,"1,234.70"
06/07/2017,"1,297.00"
08/26/2019,"1,537.50"
12/11/2020,"1,840.00"
11/16/2018,"1,217.30"
10/27/2020,"1,904.40"
12/05/2016,"1,182.60"
04/15/2014,"1,326.50"
06/03/2013,"1,388.80"
06/02/2021,"1,903.00"
07/10/2013,"1,248.40"
02/02/2016,"1,128.50"
08/08/2016,"1,336.30"
12/08/2017,"1,249.50"
08/23/2017,"1,286.90"
10/25/2013,"1,346.90"
09/15/2015,"1,106.90"
02/22/2021,"1,782.00"
02/10/2017,"1,229.60"
01/14/2019,"1,296.40"
03/21/2013,"1,607.70"
04/11/2014,"1,318.10"
05/20/2019,"1,281.60"
04/10/2015,"1,193.80"
12/31/2019,"1,525.10"
02/24/2020,"1,656.00"
09/13/2021,"1,788.30"
12/31/2021,"1,828.50"
02/09/2017,"1,242.70"
03/05/2019,"1,290.20"
02/19/2015,"1,212.50"
05/30/2016,"1,215.10"
09/16/2014,"1,233.00"
04/21/2015,"1,195.80"
07/28/2015,"1,094.40"
04/16/2014,"1,303.20"
08/03/2016,"1,366.60"
01/21/2020,"1,567.00"
06/06/2016,"1,245.50"
09/05/2017,"1,338.10"
08/19/2015,"1,116.70"
11/01/2019,"1,518.80"
12/06/2022,"1,780.80"
12/16/2019,"1,480.00"
11/15/2022,"1,774.00"
01/27/2020,"1,580.90"
01/03/2013,"1,688.00"
11/02/2016,"1,295.70"
06/28/2013,"1,201.50"
11/24/2020,"1,839.00"
04/25/2016,"1,234.50"
04/23/2015,"1,186.90"
08/24/2015,"1,159.20"
07/02/2019,"1,392.20"
01/02/2014,"1,212.10"
10/28/2019,"1,507.40"
12/08/2016,"1,176.10"
11/25/2019,"1,464.10"
01/23/2017,"1,210.80"
12/23/2020,"1,865.60"
02/10/2020,"1,575.80"
07/16/2013,"1,279.40"
04/08/2021,"1,738.60"
03/18/2016,"1,258.60"
07/19/2022,"1,711.20"
12/30/2016,"1,162.20"
07/24/2015,"1,089.70"
03/06/2015,"1,199.60"
07/04/2018,"1,257.70"
03/06/2013,"1,570.90"
11/22/2022,"1,739.70"
11/05/2019,"1,512.70"
07/28/2022,"1,741.30"
02/14/2017,"1,226.10"
09/28/2015,"1,146.90"
08/22/2018,"1,198.70"
09/21/2021,"1,764.00"
02/12/2013,"1,648.60"
12/11/2013,"1,261.00"
06/04/2020,"1,702.80"
02/10/2015,"1,238.30"
05/29/2014,"1,258.90"
01/11/2013,"1,674.80"
08/09/2013,"1,311.50"
10/24/2016,"1,266.90"
02/13/2015,"1,223.00"
07/21/2017,"1,245.00"
06/13/2014,"1,273.40"
12/30/2013,"1,204.10"
06/06/2019,"1,336.10"
11/04/2014,"1,165.50"
05/13/2015,"1,192.70"
06/03/2016,"1,212.80"
04/18/2019,"1,276.20"
12/07/2016,"1,171.40"
08/14/2013,"1,320.70"
04/05/2018,"1,337.10"
07/16/2014,"1,295.70"
12/15/2021,"1,771.90"
06/15/2021,"1,867.80"
01/22/2013,"1,688.50"
12/12/2018,"1,248.30"
07/23/2015,"1,093.60"
02/13/2017,"1,234.20"
01/26/2016,"1,109.00"
11/21/2013,"1,246.50"
07/06/2015,"1,164.50"
03/04/2020,"1,646.50"
05/01/2014,"1,288.90"
10/16/2019,"1,484.80"
10/23/2018,"1,225.10"
01/07/2021,"1,924.20"
01/15/2021,"1,855.00"
09/05/2014,"1,262.80"
05/31/2017,"1,265.70"
04/08/2016,"1,241.80"
11/02/2020,"1,891.00"
08/16/2022,"1,785.20"
01/30/2015,"1,259.00"
11/22/2018,"1,227.80"
08/02/2018,"1,219.40"
08/25/2017,"1,288.10"
08/01/2016,"1,352.70"
06/28/2018,"1,253.80"
07/10/2018,"1,261.60"
10/21/2022,"1,626.10"
08/18/2015,"1,116.70"
12/09/2022,"1,801.90"
10/27/2016,"1,267.20"
10/26/2022,"1,652.30"
06/16/2022,"1,835.80"
01/10/2020,"1,558.20"
03/18/2022,"1,945.70"
11/13/2014,"1,160.90"
05/13/2020,"1,710.00"
01/06/2015,"1,206.10"
03/02/2020,"1,593.80"
04/02/2013,"1,600.10"
08/25/2022,"1,755.10"
05/05/2017,"1,230.40"
11/04/2020,"1,899.30"
10/01/2021,"1,757.20"
08/07/2020,"2,065.10"
04/03/2014,"1,290.40"
11/29/2013,"1,237.90"
05/06/2021,"1,786.60"
01/07/2013,"1,657.30"
04/29/2020,"1,716.30"
03/03/2014,"1,343.00"
07/01/2020,"1,803.30"
01/24/2019,"1,285.30"
02/04/2021,"1,834.50"
06/14/2021,"1,879.60"
04/15/2016,"1,228.50"
05/15/2015,"1,219.40"
04/01/2015,"1,183.20"
11/11/2016,"1,259.80"
08/04/2017,"1,272.00"
07/21/2020,"1,823.60"
02/25/2014,"1,336.40"
05/31/2019,"1,293.20"
11/07/2018,"1,233.10"
09/14/2018,"1,204.20"
04/14/2014,"1,321.00"
08/29/2016,"1,320.60"
10/12/2017,"1,294.60"
06/09/2021,"1,894.40"
05/22/2015,"1,206.60"
09/11/2018,"1,198.70"
09/16/2015,"1,105.10"
12/20/2013,"1,188.80"
01/31/2013,"1,677.00"
07/31/2020,"1,961.00"
03/05/2014,"1,335.70"
03/18/2020,"1,546.10"
03/07/2014,"1,350.40"
05/19/2015,"1,224.00"
12/05/2017,"1,279.10"
10/06/2022,"1,725.50"
12/26/2018,"1,273.50"
04/29/2015,"1,210.50"
03/16/2020,"1,573.60"
11/18/2019,"1,472.80"
07/29/2020,"1,956.00"
04/27/2015,"1,179.30"
07/15/2013,"1,292.80"
05/30/2014,"1,255.90"
07/14/2021,"1,806.70"
08/05/2014,"1,288.50"
01/27/2022,"1,820.30"
06/25/2014,"1,318.90"
08/07/2017,"1,261.40"
07/07/2014,"1,320.80"
06/11/2020,"1,746.60"
07/09/2021,"1,801.00"
12/13/2019,"1,470.80"
02/22/2022,"1,903.50"
01/05/2022,"1,821.90"
11/28/2016,"1,185.60"
05/27/2013,"1,386.30"
07/04/2017,"1,220.10"
03/19/2018,"1,315.80"
07/12/2019,"1,411.20"
10/24/2017,"1,283.90"
04/09/2021,"1,756.50"
07/17/2017,"1,230.60"
03/05/2015,"1,204.30"
08/12/2016,"1,340.40"
01/26/2017,"1,202.10"
02/06/2019,"1,319.40"
03/22/2016,"1,244.60"
11/17/2015,"1,083.30"
12/09/2016,"1,172.50"
05/20/2014,"1,294.00"
10/04/2016,"1,315.00"
12/13/2021,"1,784.20"
09/11/2017,"1,346.00"
11/10/2021,"1,827.80"
04/08/2015,"1,208.70"
08/02/2016,"1,355.20"
05/24/2017,"1,253.20"
03/07/2018,"1,344.00"
12/23/2014,"1,176.10"
05/19/2014,"1,301.10"
10/04/2019,"1,511.60"
06/05/2015,"1,176.50"
07/30/2021,"1,830.30"
07/22/2020,"1,846.00"
09/05/2022,"1,719.20"
06/20/2022,"1,840.60"
03/27/2019,"1,318.70"
03/12/2020,"1,643.00"
07/25/2019,"1,429.50"
06/26/2019,"1,427.20"
08/20/2018,"1,185.50"
02/24/2021,"1,805.00"
01/07/2022,"1,792.60"
05/13/2014,"1,293.70"
10/10/2014,"1,224.00"
12/08/2022,"1,799.50"
08/19/2019,"1,516.90"
06/04/2013,"1,411.20"
06/22/2016,"1,271.40"
05/08/2015,"1,183.00"
03/19/2019,"1,308.20"
05/14/2015,"1,213.50"
02/16/2021,"1,826.00"
10/30/2020,"1,874.80"
05/16/2017,"1,232.80"
08/25/2016,"1,323.70"
10/03/2013,"1,316.50"
09/19/2022,"1,680.20"
06/25/2019,"1,423.40"
10/31/2019,"1,505.80"
03/24/2017,"1,247.60"
12/03/2019,"1,468.00"
06/06/2022,"1,853.70"
06/09/2020,"1,703.90"
08/27/2021,"1,792.00"
04/18/2017,"1,286.70"
01/31/2020,"1,578.40"
08/13/2018,"1,214.20"
08/04/2014,"1,294.90"
04/21/2021,"1,779.10"
02/28/2013,"1,592.80"
01/21/2022,"1,841.60"
06/02/2015,"1,189.50"
09/08/2015,"1,117.50"
05/17/2013,"1,384.10"
05/10/2022,"1,861.90"
03/13/2018,"1,328.50"
08/03/2018,"1,211.80"
11/25/2020,"1,809.80"
09/15/2016,"1,323.30"
03/19/2020,"1,476.90"
09/23/2015,"1,124.60"
12/07/2020,"1,841.10"
06/24/2020,"1,784.40"
05/29/2017,"1,271.20"
12/13/2022,"1,792.30"
11/13/2019,"1,461.30"
08/18/2017,"1,290.70"
11/29/2017,"1,298.00"
04/07/2017,"1,253.90"
12/22/2021,"1,789.40"
09/27/2019,"1,511.80"
02/19/2019,"1,325.00"
01/16/2018,"1,339.20"
12/29/2021,"1,806.60"
08/21/2015,"1,152.90"
03/23/2020,"1,509.40"
06/05/2018,"1,296.40"
08/15/2013,"1,335.40"
03/01/2013,"1,578.90"
07/31/2013,"1,326.50"
05/30/2018,"1,303.10"
06/08/2020,"1,686.70"
11/26/2015,"1,070.60"
06/28/2019,"1,427.60"
11/25/2021,"1,792.30"
07/02/2020,"1,780.00"
01/24/2020,"1,566.00"
03/15/2018,"1,328.30"
07/27/2018,"1,225.80"
07/17/2020,"1,803.10"
02/20/2018,"1,350.20"
09/06/2017,"1,343.70"
12/03/2020,"1,833.90"
09/09/2016,"1,340.00"
12/31/2018,"1,284.00"
12/30/2022,"1,821.80"
01/08/2018,"1,323.80"
09/05/2018,"1,196.10"
11/27/2018,"1,226.90"
05/07/2018,"1,323.00"
05/29/2019,"1,281.80"
03/07/2013,"1,585.20"
03/01/2021,"1,739.00"
07/25/2022,"1,730.10"
09/04/2020,"1,936.20"
03/25/2013,"1,610.30"
09/22/2021,"1,772.60"
06/10/2019,"1,341.20"
08/28/2020,"1,970.80"
09/17/2015,"1,120.80"
01/06/2021,"1,957.40"
05/05/2020,"1,708.30"
10/16/2013,"1,281.40"
05/02/2014,"1,276.00"
10/11/2021,"1,757.40"
03/27/2013,"1,601.00"
07/18/2017,"1,235.50"
08/11/2014,"1,310.00"
05/12/2020,"1,706.20"
10/18/2016,"1,256.00"
02/07/2019,"1,310.90"
06/10/2014,"1,252.70"
04/20/2018,"1,348.50"
04/11/2016,"1,241.80"
02/11/2016,"1,197.50"
09/12/2019,"1,495.10"
05/27/2020,"1,717.20"
11/08/2019,"1,470.30"
01/16/2019,"1,291.90"
10/09/2018,"1,192.20"
10/14/2014,"1,237.30"
11/14/2013,"1,284.00"
12/28/2020,"1,887.00"
10/07/2016,"1,256.80"
02/26/2018,"1,330.40"
05/19/2016,"1,261.50"
06/10/2016,"1,271.50"
10/10/2017,"1,286.80"
03/31/2015,"1,185.50"
01/25/2022,"1,845.20"
02/14/2014,"1,302.20"
10/24/2013,"1,332.50"
08/23/2019,"1,502.30"
03/14/2017,"1,203.60"
04/28/2020,"1,724.40"
07/30/2020,"1,974.30"
03/03/2020,"1,596.20"
05/04/2016,"1,289.60"
04/07/2022,"1,928.10"
04/12/2021,"1,744.50"
04/03/2013,"1,576.40"
06/13/2022,"1,879.00"
03/08/2021,"1,703.90"
06/08/2018,"1,301.30"
01/29/2014,"1,251.10"
12/14/2021,"1,787.60"
10/18/2019,"1,495.60"
09/16/2022,"1,665.60"
04/08/2019,"1,295.80"
07/17/2015,"1,144.20"
03/04/2013,"1,579.30"
01/29/2013,"1,654.60"
08/17/2021,"1,786.80"
11/02/2021,"1,797.10"
04/13/2020,"1,742.30"
03/09/2016,"1,262.60"
08/22/2013,"1,366.30"
10/02/2015,"1,112.50"
05/22/2019,"1,276.10"
07/20/2016,"1,334.40"
11/03/2017,"1,279.30"
03/06/2018,"1,326.00"
07/20/2021,"1,813.30"
10/17/2018,"1,228.00"
01/09/2015,"1,208.80"
05/18/2018,"1,292.60"
08/29/2022,"1,740.10"
07/19/2013,"1,283.80"
01/13/2016,"1,087.30"
10/30/2014,"1,199.00"
03/22/2018,"1,334.20"
07/17/2019,"1,411.60"
09/06/2018,"1,207.60"
04/18/2013,"1,376.10"
07/26/2016,"1,317.00"
02/18/2015,"1,209.30"
09/09/2019,"1,517.00"
11/08/2021,"1,818.50"
09/12/2018,"1,198.90"
02/26/2013,"1,592.70"
01/06/2016,"1,077.40"
12/02/2019,"1,470.30"
01/09/2018,"1,321.00"
03/22/2021,"1,747.80"
05/25/2018,"1,307.10"
09/05/2019,"1,548.60"
06/19/2018,"1,280.70"
06/10/2022,"1,850.40"
03/26/2014,"1,313.80"
01/31/2018,"1,341.80"
10/20/2022,"1,628.90"
10/19/2015,"1,176.90"
03/04/2016,"1,265.00"
12/24/2014,"1,176.80"
05/09/2018,"1,318.10"
09/19/2018,"1,201.50"
12/02/2013,"1,250.60"
08/29/2019,"1,533.70"
02/16/2016,"1,236.30"
05/31/2016,"1,215.10"
02/17/2014,"1,318.60"
06/11/2021,"1,901.90"
04/12/2018,"1,356.30"
03/15/2019,"1,298.10"
07/29/2013,"1,333.60"
12/14/2022,"1,822.60"
09/10/2018,"1,198.80"
12/10/2015,"1,071.70"
03/11/2016,"1,271.10"
01/20/2022,"1,841.30"
11/25/2022,"1,751.00"
08/09/2022,"1,794.00"
05/24/2021,"1,884.30"
10/02/2013,"1,287.50"
04/17/2015,"1,198.60"
04/14/2021,"1,746.40"
01/19/2016,"1,089.70"
12/28/2016,"1,139.30"
06/21/2019,"1,391.20"
12/03/2013,"1,219.50"
10/05/2016,"1,270.50"
01/11/2018,"1,320.60"
08/07/2015,"1,089.00"
10/08/2019,"1,498.70"
09/23/2022,"1,674.60"
10/13/2022,"1,680.20"
11/19/2018,"1,225.70"
07/09/2020,"1,826.50"
09/13/2016,"1,329.70"
02/13/2013,"1,652.50"
08/26/2020,"1,930.50"
06/23/2017,"1,250.90"
09/28/2016,"1,327.90"
07/08/2021,"1,804.80"
01/14/2014,"1,252.50"
01/20/2017,"1,204.90"
12/03/2015,"1,053.50"
09/13/2017,"1,334.10"
04/22/2016,"1,248.50"
08/14/2017,"1,292.90"
07/30/2015,"1,095.20"
09/18/2013,"1,302.80"
02/19/2018,"1,350.20"
07/13/2020,"1,810.60"
05/02/2017,"1,258.50"
08/22/2014,"1,277.40"
04/11/2017,"1,256.80"
03/15/2022,"1,958.80"
03/24/2016,"1,221.60"
04/06/2022,"1,927.60"
01/27/2014,"1,271.60"
02/15/2019,"1,315.50"
12/12/2019,"1,479.20"
06/24/2016,"1,254.30"
10/08/2020,"1,890.60"
01/24/2013,"1,684.80"
07/15/2015,"1,155.80"
04/23/2013,"1,425.40"
01/12/2018,"1,325.10"
06/12/2019,"1,330.60"
10/08/2015,"1,145.00"
03/23/2021,"1,740.40"
11/10/2016,"1,280.00"
01/29/2015,"1,284.00"
11/11/2021,"1,855.50"
01/22/2014,"1,241.80"
01/03/2022,"1,826.80"
08/27/2019,"1,531.00"
04/06/2015,"1,212.60"
03/20/2015,"1,171.50"
09/06/2013,"1,371.60"
11/10/2022,"1,709.70"
04/25/2018,"1,332.00"
03/03/2016,"1,243.80"
09/02/2022,"1,709.60"
10/13/2020,"1,927.30"
01/23/2019,"1,286.50"
09/20/2013,"1,368.00"
09/21/2016,"1,318.00"
08/24/2018,"1,187.10"
03/13/2015,"1,153.70"
10/14/2016,"1,259.50"
11/23/2017,"1,291.90"
11/08/2022,"1,678.00"
08/15/2022,"1,808.20"
03/24/2022,"1,947.40"
03/23/2016,"1,249.10"
09/06/2019,"1,519.10"
04/27/2021,"1,781.10"
06/22/2018,"1,268.60"
01/09/2020,"1,560.10"
09/21/2020,"1,954.80"
05/20/2015,"1,209.50"
01/13/2015,"1,232.70"
11/22/2016,"1,215.50"
12/19/2013,"1,217.80"
05/04/2017,"1,240.20"
09/29/2016,"1,325.00"
10/07/2015,"1,146.50"
10/17/2019,"1,494.20"
12/23/2022,"1,801.00"
11/25/2013,"1,241.50"
02/11/2019,"1,318.10"
07/25/2018,"1,227.20"
05/28/2021,"1,899.80"
12/07/2018,"1,243.10"
12/14/2018,"1,246.20"
03/04/2015,"1,205.40"
10/07/2022,"1,721.00"
02/24/2014,"1,325.50"
04/01/2019,"1,297.20"
12/12/2022,"1,808.00"
10/01/2018,"1,196.10"
08/31/2017,"1,314.80"
05/31/2018,"1,306.00"
12/10/2018,"1,255.60"
06/07/2019,"1,339.70"
07/21/2016,"1,316.00"
05/29/2013,"1,380.10"
06/17/2015,"1,181.10"
02/27/2020,"1,645.30"
08/18/2021,"1,785.90"
09/24/2014,"1,222.90"
03/19/2021,"1,735.20"
11/22/2017,"1,282.10"
03/14/2019,"1,310.00"
06/23/2020,"1,764.90"
07/24/2017,"1,256.00"
02/02/2022,"1,800.80"
03/12/2014,"1,350.00"
05/08/2014,"1,290.20"
08/06/2014,"1,288.10"
04/04/2013,"1,557.70"
04/15/2015,"1,192.20"
01/07/2020,"1,570.20"
05/13/2019,"1,291.10"
10/27/2017,"1,268.00"
06/22/2020,"1,765.80"
07/17/2018,"1,243.20"
03/31/2014,"1,295.00"
10/23/2019,"1,491.10"
03/30/2021,"1,713.00"
09/14/2016,"1,320.30"
11/30/2020,"1,790.80"
01/31/2017,"1,197.70"
04/29/2022,"1,909.20"
03/26/2021,"1,727.40"
12/11/2014,"1,226.20"
10/16/2020,"1,912.70"
08/09/2019,"1,512.40"
09/10/2020,"1,951.30"
10/14/2021,"1,793.60"
04/21/2017,"1,283.30"
10/05/2020,"1,910.90"
08/05/2019,"1,446.30"
06/29/2022,"1,822.00"
08/11/2015,"1,103.60"
11/10/2014,"1,177.90"
06/07/2016,"1,248.00"
05/16/2013,"1,393.00"
02/01/2016,"1,118.00"
08/19/2014,"1,298.70"
07/26/2021,"1,803.40"
12/27/2018,"1,270.10"
10/14/2013,"1,275.50"
08/26/2014,"1,275.10"
08/15/2014,"1,312.80"
04/20/2021,"1,770.50"
10/11/2018,"1,197.90"
09/08/2022,"1,723.40"
01/27/2021,"1,851.20"
12/21/2018,"1,263.50"
02/12/2019,"1,311.60"
09/04/2019,"1,548.00"
11/20/2020,"1,862.90"
01/18/2018,"1,330.40"
03/13/2020,"1,576.90"
11/05/2020,"1,909.80"
05/08/2019,"1,291.10"
11/20/2019,"1,476.70"
06/06/2018,"1,300.60"
01/12/2017,"1,193.40"
12/26/2014,"1,175.20"
05/10/2021,"1,835.30"
08/23/2016,"1,339.60"
02/07/2017,"1,236.90"
09/10/2014,"1,251.40"
12/18/2020,"1,891.30"
02/25/2013,"1,579.70"
09/19/2019,"1,496.30"
11/16/2015,"1,087.60"
05/03/2017,"1,254.50"
09/03/2019,"1,531.90"
04/26/2019,"1,279.10"
11/18/2021,"1,869.80"
09/06/2021,"1,833.50"
08/13/2021,"1,752.70"
02/08/2022,"1,821.50"
05/20/2020,"1,756.20"
08/19/2020,"2,002.60"
04/02/2020,"1,602.40"
12/13/2018,"1,250.70"
11/16/2016,"1,230.90"
03/10/2016,"1,250.60"
01/04/2018,"1,316.90"
08/05/2015,"1,086.90"
05/11/2018,"1,324.60"
11/28/2022,"1,771.10"
02/05/2015,"1,270.40"
07/13/2021,"1,807.60"
08/14/2018,"1,196.30"
07/20/2018,"1,226.70"
12/08/2015,"1,069.70"
05/11/2016,"1,269.30"
03/21/2017,"1,235.90"
02/03/2016,"1,129.40"
03/01/2016,"1,245.30"
10/21/2019,"1,495.60"
02/06/2015,"1,266.40"
03/03/2015,"1,208.10"
02/05/2013,"1,675.50"
03/11/2013,"1,579.70"
12/03/2021,"1,769.40"
12/17/2021,"1,801.50"
02/07/2013,"1,678.00"
04/24/2014,"1,283.90"
11/04/2013,"1,313.60"
02/24/2022,"1,911.90"
11/11/2020,"1,880.50"
02/03/2022,"1,807.40"
08/16/2016,"1,340.70"
04/18/2018,"1,350.40"
08/27/2020,"1,955.50"
06/25/2021,"1,775.70"
08/13/2015,"1,125.00"
05/10/2017,"1,224.10"
08/07/2014,"1,306.30"
01/04/2017,"1,158.10"
12/05/2013,"1,243.10"
09/02/2021,"1,811.00"
08/02/2013,"1,308.30"
06/17/2016,"1,282.40"
12/09/2019,"1,464.10"
10/10/2022,"1,703.40"
09/22/2020,"1,916.20"
06/27/2016,"1,322.30"
05/04/2020,"1,710.90"
05/27/2016,"1,222.30"
09/30/2013,"1,343.50"
09/03/2014,"1,267.10"
01/27/2015,"1,281.40"
01/15/2020,"1,550.30"
07/21/2022,"1,697.10"
12/01/2020,"1,780.30"
10/20/2017,"1,292.00"
10/29/2021,"1,789.30"
06/22/2017,"1,246.40"
11/23/2016,"1,213.80"
11/20/2015,"1,081.70"
10/14/2015,"1,168.20"
12/26/2017,"1,279.00"
07/28/2014,"1,305.90"
07/17/2014,"1,300.30"
12/27/2017,"1,287.80"
07/18/2014,"1,321.70"
02/23/2017,"1,238.30"
07/01/2016,"1,334.10"
04/29/2013,"1,468.10"
07/05/2022,"1,817.00"
06/24/2014,"1,318.10"
09/02/2013,"1,394.00"
08/24/2016,"1,337.60"
10/20/2021,"1,769.40"
06/01/2018,"1,303.00"
04/22/2021,"1,794.50"
09/17/2014,"1,237.40"
07/07/2015,"1,169.00"
04/12/2019,"1,295.80"
02/20/2015,"1,208.00"
03/20/2018,"1,319.40"
10/19/2018,"1,228.60"
10/24/2018,"1,233.80"
12/14/2017,"1,258.10"
12/26/2022,"1,805.80"
07/12/2018,"1,244.70"
04/28/2021,"1,776.40"
09/12/2016,"1,327.00"
01/12/2016,"1,094.00"
11/15/2021,"1,870.10"
11/16/2021,"1,867.00"
12/21/2020,"1,892.90"
02/22/2016,"1,226.90"
01/06/2014,"1,237.40"
10/26/2020,"1,906.00"
07/08/2016,"1,362.30"
06/01/2015,"1,189.80"
08/15/2019,"1,521.10"
11/06/2017,"1,271.10"
10/25/2017,"1,278.00"
03/19/2013,"1,605.10"
05/28/2014,"1,265.10"
02/23/2018,"1,333.70"
08/23/2018,"1,198.00"
05/02/2016,"1,294.10"
04/04/2016,"1,223.00"
11/14/2016,"1,229.80"
10/13/2015,"1,162.80"
05/10/2018,"1,316.40"
02/18/2022,"1,901.40"
07/15/2019,"1,417.50"
10/17/2016,"1,252.90"
01/18/2013,"1,687.80"
10/21/2013,"1,316.00"
11/24/2022,"1,753.05"
05/18/2021,"1,868.30"
05/03/2016,"1,298.40"
09/08/2021,"1,799.00"
09/16/2019,"1,508.40"
05/25/2015,"1,205.20"
01/16/2020,"1,559.90"
07/18/2016,"1,333.30"
10/25/2021,"1,794.20"
03/12/2019,"1,295.90"
06/18/2020,"1,735.50"
06/20/2017,"1,245.40"
10/20/2014,"1,239.10"
09/25/2018,"1,200.20"
10/13/2016,"1,257.10"
10/23/2020,"1,906.50"
04/24/2015,"1,193.00"
07/21/2014,"1,311.20"
08/22/2016,"1,341.00"
11/14/2017,"1,278.00"
09/09/2020,"1,933.60"
08/07/2019,"1,480.00"
10/19/2020,"1,903.20"
02/25/2019,"1,331.90"
07/14/2022,"1,738.70"
03/06/2019,"1,292.70"
11/21/2019,"1,478.70"
11/17/2016,"1,227.50"
05/23/2014,"1,295.20"
01/13/2020,"1,563.70"
09/23/2021,"1,767.30"
01/20/2020,"1,557.30"
07/11/2016,"1,376.20"
06/08/2016,"1,247.00"
12/28/2021,"1,812.10"
11/06/2019,"1,489.70"
04/24/2013,"1,412.50"
12/16/2013,"1,237.30"
01/16/2014,"1,239.50"
10/16/2017,"1,306.00"
08/14/2020,"1,954.50"
08/21/2020,"1,946.70"
09/16/2013,"1,328.60"
04/22/2013,"1,408.30"
12/19/2018,"1,253.50"
01/22/2018,"1,337.40"
10/26/2017,"1,278.60"
10/30/2015,"1,142.40"
07/04/2022,"1,814.40"
02/25/2022,"1,889.20"
06/13/2018,"1,299.60"
06/05/2013,"1,398.80"
07/01/2019,"1,399.60"
07/16/2015,"1,148.20"
08/31/2022,"1,721.40"
09/16/2020,"1,958.90"
02/15/2022,"1,873.80"
01/15/2018,"1,337.30"
12/11/2017,"1,249.20"
02/28/2014,"1,321.70"
08/17/2016,"1,346.90"
03/31/2020,"1,643.40"
09/22/2015,"1,132.50"
07/06/2016,"1,363.30"
10/01/2019,"1,478.00"
06/03/2019,"1,312.50"
02/02/2017,"1,211.20"
01/10/2017,"1,183.50"
10/15/2021,"1,797.30"
06/26/2014,"1,318.70"
11/09/2021,"1,828.30"
10/23/2013,"1,340.10"
11/12/2013,"1,281.00"
01/19/2022,"1,814.00"
12/16/2016,"1,130.50"
08/23/2022,"1,739.50"
06/16/2017,"1,255.60"
08/30/2017,"1,312.30"
04/26/2021,"1,776.10"
07/22/2021,"1,805.30"
05/26/2014,"1,293.60"
10/18/2018,"1,225.50"
10/22/2020,"1,927.40"
07/13/2016,"1,337.20"
07/07/2022,"1,743.00"
09/12/2014,"1,232.80"
08/08/2022,"1,780.30"
10/27/2021,"1,795.00"
07/22/2022,"1,721.00"
11/06/2013,"1,313.80"
03/24/2015,"1,186.00"
11/26/2020,"1,812.10"
11/21/2016,"1,209.30"
05/26/2020,"1,739.80"
09/18/2017,"1,318.60"
05/22/2014,"1,292.10"
01/30/2017,"1,194.60"
09/01/2014,"1,288.50"
01/27/2017,"1,190.20"
07/09/2019,"1,400.80"
06/18/2014,"1,272.10"
12/17/2018,"1,242.80"
01/24/2018,"1,343.00"
03/20/2014,"1,326.80"
01/28/2021,"1,847.20"
02/01/2013,"1,665.20"
12/20/2017,"1,264.80"
10/30/2018,"1,228.30"
01/17/2022,"1,818.70"
09/18/2018,"1,202.80"
06/30/2021,"1,760.00"
02/16/2017,"1,234.30"
05/09/2019,"1,287.10"
11/29/2022,"1,754.60"
08/17/2020,"1,948.20"
10/07/2020,"1,882.60"
04/20/2015,"1,204.40"
12/12/2014,"1,227.90"
12/20/2016,"1,139.80"
03/19/2014,"1,357.70"
01/11/2016,"1,106.00"
11/04/2021,"1,773.00"
10/22/2014,"1,248.90"
11/20/2014,"1,181.80"
03/14/2013,"1,589.30"
11/09/2020,"1,960.00"
11/26/2021,"1,788.40"
02/21/2018,"1,331.20"
06/03/2015,"1,193.80"
01/18/2017,"1,218.20"
12/13/2013,"1,226.10"
05/06/2020,"1,717.20"
01/25/2017,"1,209.80"
10/05/2018,"1,203.70"
03/27/2014,"1,305.00"
11/21/2022,"1,752.00"
10/10/2018,"1,192.70"
10/04/2022,"1,708.40"
12/10/2019,"1,466.30"
08/01/2014,"1,283.60"
01/19/2017,"1,203.60"
12/14/2015,"1,073.00"
08/23/2013,"1,375.80"
12/21/2016,"1,134.00"
03/06/2017,"1,235.10"
11/03/2020,"1,911.60"
11/05/2018,"1,233.80"
03/12/2015,"1,154.70"
04/14/2016,"1,243.80"
03/31/2016,"1,227.00"
07/07/2021,"1,797.10"
03/14/2022,"1,985.60"
06/16/2021,"1,861.00"
12/27/2022,"1,808.20"
08/04/2015,"1,085.10"
11/25/2016,"1,189.60"
11/29/2019,"1,461.20"
10/29/2013,"1,352.60"
05/21/2014,"1,295.10"
06/27/2013,"1,212.10"
12/06/2016,"1,172.80"
09/28/2018,"1,186.80"
12/05/2022,"1,810.50"
02/24/2017,"1,250.60"
02/28/2020,"1,626.10"
02/05/2016,"1,155.70"
10/04/2013,"1,317.40"
02/09/2018,"1,321.00"
03/06/2020,"1,674.20"
11/22/2013,"1,245.30"
01/05/2018,"1,324.30"
05/28/2013,"1,386.50"
05/06/2014,"1,310.20"
02/15/2013,"1,634.20"
03/11/2020,"1,651.70"
04/27/2018,"1,326.50"
10/03/2017,"1,273.10"
08/06/2015,"1,084.00"
05/10/2019,"1,288.20"
07/05/2017,"1,223.00"
08/05/2022,"1,796.00"
09/20/2018,"1,206.40"
08/04/2020,"1,981.70"
01/25/2021,"1,856.40"
05/06/2019,"1,286.10"
09/29/2017,"1,290.10"
06/09/2022,"1,855.10"
07/16/2020,"1,820.40"
12/01/2015,"1,064.60"
10/09/2013,"1,319.60"
07/04/2013,"1,252.70"
07/13/2018,"1,248.90"
10/18/2022,"1,651.00"
08/16/2019,"1,527.90"
04/09/2013,"1,572.40"
07/03/2018,"1,244.90"
03/21/2016,"1,256.50"
07/12/2021,"1,809.00"
08/10/2020,"2,034.50"
10/28/2016,"1,278.60"
08/26/2015,"1,139.60"
02/15/2016,"1,236.30"
12/17/2013,"1,239.50"
12/04/2014,"1,209.30"
01/12/2021,"1,849.30"
08/07/2013,"1,281.90"
02/17/2021,"1,793.10"
11/15/2017,"1,283.30"
06/10/2020,"1,718.90"
12/01/2014,"1,159.40"
05/17/2017,"1,238.40"
07/25/2013,"1,318.30"
04/03/2015,"1,200.90"
03/27/2018,"1,355.20"
12/21/2015,"1,065.20"
02/03/2014,"1,242.00"
04/19/2018,"1,352.40"
04/24/2018,"1,326.10"
10/15/2019,"1,497.70"
01/11/2019,"1,291.00"
01/24/2017,"1,218.40"
07/22/2019,"1,431.80"
11/18/2013,"1,287.10"
06/28/2017,"1,247.30"
12/28/2018,"1,286.10"
05/17/2016,"1,276.80"
05/14/2018,"1,322.50"
11/09/2018,"1,227.20"
02/13/2014,"1,290.80"
09/12/2017,"1,330.50"
02/01/2017,"1,212.20"
11/04/2016,"1,299.90"
07/13/2017,"1,219.80"
08/19/2013,"1,376.00"
11/26/2013,"1,254.80"
07/23/2013,"1,335.40"
08/24/2021,"1,805.20"
12/08/2014,"1,191.20"
09/12/2013,"1,360.40"
04/30/2019,"1,288.60"
04/26/2022,"1,899.80"
03/11/2022,"2,004.10"
01/19/2021,"1,830.60"
09/24/2020,"1,863.50"
11/16/2022,"1,782.00"
09/27/2016,"1,339.30"
04/15/2019,"1,294.00"
04/25/2014,"1,293.80"
11/27/2017,"1,292.00"
08/03/2015,"1,094.50"
06/09/2014,"1,253.00"
07/13/2015,"1,161.80"
07/29/2021,"1,808.20"
02/23/2015,"1,203.50"
02/04/2015,"1,261.50"
10/31/2022,"1,647.20"
08/10/2015,"1,092.80"
01/17/2020,"1,555.70"
01/05/2017,"1,165.30"
09/30/2019,"1,501.70"
05/06/2022,"1,873.10"
03/28/2022,"1,959.10"
02/19/2013,"1,610.00"
02/21/2020,"1,623.60"
06/13/2013,"1,387.40"
06/02/2014,"1,250.50"
03/17/2021,"1,732.00"
03/21/2014,"1,329.80"
01/10/2013,"1,656.70"
07/13/2022,"1,728.00"
12/22/2022,"1,823.80"
04/21/2020,"1,713.30"
10/29/2014,"1,227.80"
03/14/2016,"1,251.00"
05/18/2016,"1,282.90"
10/29/2015,"1,147.70"
07/27/2020,"1,905.00"
01/06/2017,"1,179.70"
11/02/2015,"1,141.10"
08/24/2017,"1,292.50"
07/05/2013,"1,255.00"
07/19/2019,"1,452.70"
04/13/2018,"1,337.60"
08/20/2013,"1,365.20"
07/02/2018,"1,256.00"
02/04/2022,"1,805.40"
07/11/2022,"1,741.80"
01/25/2019,"1,282.40"
09/23/2013,"1,326.20"
07/04/2019,"1,421.60"
07/19/2021,"1,813.60"
12/05/2018,"1,244.60"
04/16/2015,"1,201.80"
12/04/2020,"1,844.70"
08/11/2021,"1,728.10"
05/03/2018,"1,313.00"
05/21/2013,"1,392.20"
06/14/2022,"1,820.90"
01/04/2016,"1,062.50"
06/25/2018,"1,272.20"
02/05/2014,"1,254.20"
05/27/2019,"1,283.50"
08/27/2014,"1,280.90"
06/23/2015,"1,185.30"
03/10/2022,"2,000.20"
07/22/2013,"1,297.40"
11/23/2022,"1,740.80"
06/30/2020,"1,788.10"
03/17/2016,"1,261.10"
05/21/2015,"1,210.00"
11/23/2018,"1,231.30"
05/29/2015,"1,188.10"
07/29/2014,"1,305.10"
11/14/2014,"1,160.10"
09/06/2022,"1,719.70"
03/01/2022,"1,909.00"
04/03/2020,"1,635.30"
12/29/2020,"1,878.00"
04/22/2015,"1,202.20"
05/07/2019,"1,286.80"
02/12/2016,"1,247.10"
01/28/2016,"1,126.20"
11/08/2016,"1,284.80"
04/12/2017,"1,277.20"
01/09/2017,"1,174.90"
01/26/2018,"1,348.70"
10/03/2022,"1,670.50"
08/16/2018,"1,178.10"
10/20/2016,"1,270.60"
06/12/2014,"1,261.10"
10/04/2018,"1,201.40"
09/15/2017,"1,333.00"
11/12/2019,"1,461.00"
06/21/2022,"1,840.60"
10/11/2013,"1,286.40"
12/01/2017,"1,277.90"
07/05/2018,"1,257.80"
01/22/2019,"1,284.50"
05/10/2013,"1,455.00"
05/05/2014,"1,306.30"
05/23/2016,"1,252.90"
05/08/2013,"1,449.20"
08/10/2021,"1,729.70"
05/05/2021,"1,779.90"
11/19/2021,"1,864.20"
01/28/2019,"1,302.20"
03/29/2017,"1,253.50"
12/15/2016,"1,143.80"
07/12/2017,"1,218.70"
11/05/2013,"1,316.50"
02/10/2014,"1,265.40"
05/25/2021,"1,882.50"
12/05/2014,"1,205.90"
10/28/2021,"1,803.60"
10/21/2021,"1,782.50"
09/07/2015,"1,123.00"
03/09/2020,"1,691.00"
07/07/2020,"1,801.90"
07/10/2015,"1,159.50"
06/19/2019,"1,350.40"
07/14/2015,"1,155.20"
11/23/2020,"1,872.90"
02/11/2020,"1,575.50"
06/15/2017,"1,262.70"
06/12/2017,"1,269.70"
11/02/2017,"1,278.40"
08/20/2014,"1,295.30"
01/17/2018,"1,341.80"
08/18/2020,"1,984.90"
09/27/2013,"1,323.70"
10/15/2013,"1,273.60"
12/09/2014,"1,203.80"
02/13/2018,"1,325.00"
07/16/2021,"1,831.50"
04/02/2019,"1,292.20"
04/24/2020,"1,753.00"
04/14/2015,"1,198.80"
10/21/2014,"1,246.80"
02/21/2019,"1,341.70"
08/27/2015,"1,124.20"
11/30/2022,"1,763.40"
01/18/2021,"1,828.80"
12/16/2021,"1,777.90"
10/08/2014,"1,209.80"
01/16/2017,"1,199.40"
04/06/2017,"1,257.60"
04/05/2013,"1,554.00"
03/08/2019,"1,294.30"
02/09/2015,"1,235.90"
09/21/2017,"1,302.00"
02/08/2018,"1,320.70"
04/02/2018,"1,330.70"
04/23/2019,"1,277.00"
04/04/2014,"1,286.60"
09/14/2021,"1,789.50"
07/24/2013,"1,344.80"
03/16/2021,"1,733.70"
02/07/2014,"1,256.90"
06/21/2018,"1,269.70"
11/24/2014,"1,201.40"
05/11/2021,"1,837.80"
05/02/2018,"1,313.30"
05/31/2022,"1,856.50"
08/05/2021,"1,812.20"
04/19/2016,"1,233.90"
06/29/2015,"1,179.50"
09/08/2016,"1,347.50"
04/16/2013,"1,355.00"
05/31/2013,"1,412.90"
06/24/2019,"1,403.90"
08/16/2013,"1,365.00"
08/17/2015,"1,113.20"
04/30/2014,"1,296.00"
03/26/2019,"1,325.20"
07/14/2017,"1,218.40"
09/13/2018,"1,208.90"
09/26/2019,"1,506.00"
07/25/2014,"1,294.30"
06/20/2014,"1,320.30"
11/13/2017,"1,277.00"
08/30/2021,"1,810.00"
08/23/2021,"1,780.10"
08/11/2020,"2,029.00"
09/29/2021,"1,734.00"
05/14/2020,"1,728.40"
02/18/2014,"1,318.60"
01/13/2017,"1,195.60"
06/02/2022,"1,849.90"
07/12/2022,"1,737.20"
11/21/2017,"1,280.00"
12/01/2022,"1,783.10"
07/16/2019,"1,422.50"
05/11/2015,"1,189.30"
12/13/2016,"1,164.50"
02/02/2015,"1,283.00"
05/01/2018,"1,311.00"
02/10/2016,"1,189.70"
06/06/2014,"1,253.70"
05/14/2019,"1,303.40"
07/30/2019,"1,433.40"
03/05/2020,"1,642.70"
11/04/2022,"1,631.70"
02/18/2021,"1,776.00"
09/25/2019,"1,535.40"
09/21/2018,"1,209.70"
05/03/2022,"1,868.70"
03/17/2020,"1,502.50"
08/26/2022,"1,762.30"
03/09/2022,"2,054.80"
04/17/2020,"1,738.50"
10/29/2018,"1,236.40"
11/30/2021,"1,786.90"
07/31/2017,"1,273.00"
12/07/2017,"1,265.20"
02/28/2018,"1,323.80"
10/21/2016,"1,266.50"
11/14/2022,"1,769.40"
12/11/2015,"1,071.40"
04/21/2016,"1,244.50"
10/25/2016,"1,265.20"
07/27/2015,"1,099.70"
09/26/2014,"1,227.70"
07/15/2021,"1,828.60"
03/03/2021,"1,732.40"
12/14/2020,"1,845.00"
01/09/2019,"1,289.10"
05/05/2016,"1,284.40"
04/07/2016,"1,224.00"
07/08/2013,"1,222.10"
01/22/2020,"1,560.90"
07/01/2015,"1,171.90"
02/14/2013,"1,642.50"
07/08/2020,"1,813.60"
10/01/2015,"1,114.50"
04/12/2022,"1,957.40"
11/28/2013,"1,237.90"
12/23/2015,"1,072.00"
10/20/2015,"1,170.60"
08/31/2020,"1,977.70"
08/20/2019,"1,501.10"
05/12/2022,"1,857.90"
08/29/2014,"1,291.10"
03/15/2021,"1,729.30"
06/30/2017,"1,245.00"
02/28/2017,"1,254.70"
04/30/2013,"1,464.00"
12/06/2021,"1,787.70"
10/15/2020,"1,906.00"
09/09/2021,"1,794.10"
06/05/2019,"1,330.20"
12/19/2019,"1,479.40"
06/30/2014,"1,315.60"
04/02/2014,"1,279.60"
03/18/2021,"1,745.50"
07/30/2013,"1,327.40"
06/17/2014,"1,271.80"
04/22/2014,"1,290.30"
09/18/2014,"1,220.00"
02/26/2016,"1,220.70"
02/09/2022,"1,827.00"
09/28/2017,"1,285.10"
09/25/2015,"1,149.70"
07/26/2018,"1,234.60"
02/17/2016,"1,201.90"
12/27/2013,"1,210.90"
03/02/2018,"1,320.60"
12/30/2019,"1,521.60"
09/28/2022,"1,631.40"
05/22/2017,"1,259.00"
09/01/2022,"1,708.00"
06/13/2017,"1,267.70"
06/01/2020,"1,749.80"
01/20/2014,"1,252.50"
01/15/2016,"1,077.20"
11/10/2017,"1,287.50"
09/04/2018,"1,201.80"
09/03/2013,"1,387.50"
06/21/2016,"1,292.50"
07/07/2016,"1,366.80"
07/26/2013,"1,334.70"
07/10/2014,"1,328.80"
06/29/2021,"1,764.50"
01/20/2016,"1,087.50"
05/07/2013,"1,467.60"
12/22/2017,"1,270.30"
06/21/2021,"1,764.30"
08/21/2018,"1,193.00"
11/12/2015,"1,086.80"
05/06/2016,"1,280.70"
03/02/2016,"1,227.80"
11/13/2013,"1,269.20"
02/23/2016,"1,208.90"
08/03/2022,"1,767.40"
04/04/2019,"1,294.40"
12/21/2017,"1,268.80"
04/01/2020,"1,589.40"
03/31/2021,"1,685.90"
03/30/2017,"1,256.10"
09/08/2020,"1,937.40"
03/12/2018,"1,326.90"
05/19/2022,"1,818.30"
12/10/2014,"1,231.20"
11/18/2022,"1,763.10"
08/29/2013,"1,412.70"
07/23/2018,"1,234.20"
10/05/2021,"1,770.80"
09/30/2020,"1,903.20"
03/28/2018,"1,351.10"
10/22/2015,"1,166.80"
08/25/2020,"1,927.80"
01/19/2015,"1,280.70"
02/09/2016,"1,189.50"
06/21/2013,"1,277.60"
11/07/2014,"1,140.90"
05/16/2022,"1,815.00"
09/05/2016,"1,328.10"
11/06/2020,"1,948.10"
03/23/2015,"1,183.90"
09/25/2013,"1,325.30"
08/27/2013,"1,404.80"
03/29/2018,"1,329.30"
09/22/2014,"1,215.90"
12/27/2019,"1,516.50"
07/20/2020,"1,817.30"
10/13/2017,"1,296.00"
03/07/2019,"1,290.90"
05/21/2020,"1,757.40"
07/31/2019,"1,437.60"
01/31/2022,"1,792.80"
01/08/2014,"1,229.30"
11/06/2015,"1,107.70"
08/02/2019,"1,451.20"
01/08/2021,"1,911.20"
11/26/2018,"1,226.60"
09/24/2019,"1,525.40"
10/09/2017,"1,278.60"
12/06/2017,"1,268.30"
05/11/2022,"1,841.50"
01/30/2014,"1,267.20"
08/06/2021,"1,804.00"
12/30/2014,"1,200.80"
11/19/2015,"1,073.10"
02/23/2022,"1,901.20"
10/06/2021,"1,760.50"
11/03/2014,"1,168.80"
05/14/2021,"1,827.60"
05/12/2017,"1,226.80"
08/29/2018,"1,202.20"
05/31/2021,"1,906.80"
03/16/2017,"1,220.50"
09/04/2014,"1,273.30"
02/02/2018,"1,352.20"
04/25/2019,"1,277.90"
03/29/2022,"1,924.30"
08/09/2021,"1,763.00"
10/12/2022,"1,673.40"
03/10/2021,"1,714.30"
04/19/2013,"1,393.00"
11/28/2017,"1,295.80"
05/13/2022,"1,821.00"
11/12/2014,"1,162.60"
07/27/2022,"1,720.00"
04/09/2020,"1,680.50"
05/08/2020,"1,735.80"
04/18/2022,"1,978.50"
05/24/2013,"1,390.70"
06/29/2017,"1,247.60"
06/18/2019,"1,343.90"
08/31/2015,"1,127.70"
06/14/2016,"1,286.20"
09/03/2020,"1,939.20"
07/09/2015,"1,157.80"
02/20/2017,"1,236.40"
08/01/2019,"1,419.20"
04/24/2019,"1,274.40"
02/18/2016,"1,209.50"
05/26/2022,"1,854.50"
10/22/2021,"1,783.70"
09/28/2021,"1,750.00"
01/14/2013,"1,662.30"
12/10/2021,"1,776.30"
07/27/2016,"1,321.00"
02/12/2020,"1,571.20"
06/15/2018,"1,305.90"
01/08/2015,"1,213.80"
11/12/2021,"1,865.90"
06/18/2021,"1,773.90"
07/25/2016,"1,323.80"
05/02/2019,"1,278.00"
12/23/2016,"1,130.00"
09/04/2022,"1,723.60"
09/20/2016,"1,314.20"
02/26/2014,"1,341.30"
09/18/2015,"1,130.50"
02/26/2020,"1,637.30"
10/16/2014,"1,242.20"
11/20/2013,"1,273.90"
10/17/2017,"1,297.20"
08/28/2014,"1,289.90"
09/30/2022,"1,669.50"
09/02/2020,"1,966.30"
02/25/2020,"1,661.80"
11/28/2018,"1,217.70"
05/14/2013,"1,434.30"
01/14/2021,"1,848.10"
10/19/2016,"1,263.90"
08/15/2017,"1,284.20"
06/29/2018,"1,257.30"
09/22/2017,"1,292.30"
05/09/2014,"1,289.60"
04/11/2018,"1,343.10"
08/03/2017,"1,269.00"
09/23/2016,"1,338.30"
09/14/2015,"1,107.40"
07/03/2015,"1,173.20"
06/16/2020,"1,732.30"
08/15/2018,"1,196.80"
10/16/2018,"1,230.50"
07/14/2014,"1,341.00"
03/09/2015,"1,170.00"
06/10/2013,"1,383.00"
05/12/2015,"1,183.10"
05/25/2022,"1,867.60"
11/03/2016,"1,300.80"
12/18/2018,"1,249.70"
10/28/2014,"1,225.80"
01/20/2015,"1,280.10"
08/13/2013,"1,335.60"
12/02/2014,"1,212.60"
10/05/2015,"1,137.00"
10/01/2014,"1,209.40"
01/08/2013,"1,651.50"
09/02/2016,"1,313.20"
01/10/2022,"1,799.70"
05/07/2014,"1,310.60"
10/26/2015,"1,163.80"
04/08/2022,"1,934.30"
12/09/2013,"1,229.90"
01/30/2018,"1,344.00"
11/30/2015,"1,056.00"
08/22/2019,"1,506.80"
10/24/2014,"1,233.50"
08/08/2013,"1,286.00"
04/01/2022,"1,942.40"
10/12/2016,"1,254.50"
03/17/2014,"1,385.80"
08/30/2016,"1,314.70"
06/10/2021,"1,891.40"
05/30/2017,"1,271.20"
04/26/2017,"1,265.50"
01/28/2022,"1,799.60"
07/29/2016,"1,338.00"
06/19/2014,"1,278.20"
06/01/2017,"1,271.60"
07/02/2013,"1,264.70"
02/06/2020,"1,560.00"
09/19/2013,"1,360.60"
11/18/2020,"1,884.50"
06/04/2018,"1,296.70"
08/30/2013,"1,395.90"
06/05/2014,"1,244.30"
07/11/2017,"1,214.30"
12/12/2017,"1,243.90"
12/21/2021,"1,791.40"
05/03/2019,"1,276.10"
09/22/2016,"1,335.70"
08/17/2017,"1,286.00"
03/10/2020,"1,670.70"
12/10/2013,"1,239.50"
06/01/2016,"1,217.90"
02/03/2017,"1,217.80"
10/27/2014,"1,230.60"
01/25/2013,"1,669.40"
08/14/2015,"1,114.90"
06/16/2014,"1,276.80"
05/17/2021,"1,843.00"
02/16/2018,"1,356.60"
12/20/2021,"1,800.20"
12/17/2014,"1,195.30"
10/01/2020,"1,891.20"
04/11/2019,"1,312.40"
03/25/2014,"1,309.20"
12/23/2021,"1,805.60"
06/21/2017,"1,243.90"
06/09/2016,"1,264.60"
04/10/2014,"1,311.90"
02/27/2015,"1,213.70"
07/21/2021,"1,811.20"
10/03/2014,"1,213.90"
01/11/2017,"1,189.10"
05/26/2015,"1,205.70"
09/23/2020,"1,898.00"
01/07/2019,"1,290.20"
06/12/2015,"1,180.80"
03/28/2013,"1,605.60"
08/10/2022,"1,799.80"
10/14/2020,"1,895.40"
04/28/2014,"1,303.20"
11/11/2022,"1,758.30"
07/26/2019,"1,419.30"
08/05/2013,"1,311.60"
03/02/2015,"1,219.00"
07/15/2016,"1,338.20"
10/02/2019,"1,485.40"
09/19/2014,"1,219.50"
03/04/2014,"1,345.60"
05/03/2021,"1,774.80"
05/23/2022,"1,847.40"
12/01/2016,"1,175.10"
08/10/2016,"1,342.30"
10/07/2021,"1,763.80"
05/16/2018,"1,295.00"
06/24/2015,"1,177.60"
10/17/2014,"1,239.50"
07/31/2014,"1,296.00"
04/28/2017,"1,267.90"
12/13/2017,"1,246.30"
09/08/2014,"1,268.30"
05/20/2013,"1,358.20"
05/17/2022,"1,827.20"
01/03/2014,"1,223.60"
12/05/2019,"1,480.00"
02/13/2019,"1,314.30"
03/29/2016,"1,221.80"
05/14/2014,"1,292.70"
07/05/2016,"1,347.00"
10/12/2015,"1,155.00"
03/22/2013,"1,615.00"
08/08/2017,"1,259.80"
09/29/2015,"1,131.40"
01/10/2014,"1,229.70"
06/19/2015,"1,201.80"
07/30/2018,"1,226.50"
01/21/2014,"1,259.00"
10/13/2014,"1,224.80"
04/16/2019,"1,290.80"
08/10/2017,"1,280.20"
06/26/2013,"1,277.00"
07/18/2022,"1,710.30"
11/29/2021,"1,795.20"
03/27/2015,"1,203.40"
04/05/2017,"1,258.20"
06/03/2020,"1,733.70"
03/27/2020,"1,649.90"
09/21/2022,"1,666.80"
10/09/2020,"1,898.40"
09/30/2016,"1,323.60"
04/15/2020,"1,758.10"
01/09/2013,"1,660.70"
11/13/2018,"1,205.20"
12/08/2020,"1,866.10"
01/07/2016,"1,092.70"
05/22/2018,"1,294.50"
03/29/2021,"1,732.50"
08/21/2013,"1,370.40"
04/29/2019,"1,284.50"
06/20/2016,"1,293.00"
02/08/2019,"1,314.30"
05/28/2018,"1,297.20"
12/15/2014,"1,222.00"
03/10/2014,"1,337.20"
11/09/2016,"1,272.40"
04/17/2014,"1,302.10"
03/05/2021,"1,689.20"
02/27/2018,"1,321.40"
03/11/2014,"1,341.50"
06/03/2022,"1,872.60"
03/01/2017,"1,248.20"
06/16/2016,"1,295.00"
01/17/2014,"1,242.50"
02/05/2018,"1,334.60"
12/15/2020,"1,830.50"
01/14/2020,"1,552.10"
03/26/2020,"1,638.80"
09/10/2015,"1,109.40"
07/06/2020,"1,793.70"
11/17/2021,"1,852.70"
07/19/2016,"1,329.50"
11/13/2020,"1,881.50"
02/17/2017,"1,240.80"
08/29/2017,"1,315.60"
06/19/2017,"1,255.80"
09/17/2013,"1,323.00"
02/03/2020,"1,597.80"
03/12/2021,"1,721.30"
06/30/2015,"1,177.50"
07/01/2021,"1,777.50"
04/30/2021,"1,770.70"
10/15/2018,"1,221.20"
07/22/2014,"1,312.60"
06/09/2015,"1,173.20"
03/23/2017,"1,249.00"
10/23/2014,"1,241.70"
09/26/2017,"1,310.80"
06/11/2013,"1,385.90"
08/12/2019,"1,502.90"
08/06/2018,"1,216.70"
03/25/2021,"1,735.00"
12/23/2013,"1,202.50"
07/12/2016,"1,356.70"
02/20/2020,"1,615.00"
09/24/2015,"1,130.20"
02/08/2016,"1,174.00"
03/18/2014,"1,366.30"
03/18/2015,"1,148.70"
02/15/2018,"1,353.00"
01/14/2016,"1,093.50"
07/27/2021,"1,798.60"
05/05/2022,"1,898.40"
03/31/2022,"1,937.30"
09/02/2014,"1,264.70"
05/01/2017,"1,266.40"
05/06/2013,"1,472.00"
05/15/2018,"1,316.90"
09/26/2013,"1,334.00"
12/07/2015,"1,085.50"
02/08/2021,"1,818.10"
09/13/2022,"1,733.40"
11/20/2018,"1,225.30"
02/27/2019,"1,325.00"
02/26/2021,"1,766.80"
11/10/2020,"1,865.20"
09/07/2022,"1,722.80"
09/02/2015,"1,134.60"
04/09/2018,"1,338.00"
01/03/2020,"1,535.20"
02/20/2019,"1,343.90"
10/24/2019,"1,495.10"
08/12/2020,"1,912.70"
04/12/2016,"1,259.80"
08/14/2019,"1,506.60"
10/07/2014,"1,207.80"
08/20/2020,"1,927.50"
07/06/2017,"1,228.00"
03/10/2015,"1,166.50"
11/17/2014,"1,182.80"
04/21/2022,"1,960.00"
05/28/2015,"1,188.00"
03/28/2016,"1,216.50"
12/22/2016,"1,133.20"
11/20/2017,"1,294.50"
12/07/2021,"1,779.50"
01/28/2020,"1,583.90"
06/17/2022,"1,859.30"
03/24/2021,"1,727.60"
11/26/2019,"1,458.80"
04/24/2017,"1,280.00"
10/19/2017,"1,282.80"
10/31/2017,"1,275.10"
12/16/2022,"1,786.90"
03/08/2018,"1,328.90"
08/09/2016,"1,335.90"
09/25/2014,"1,216.60"
07/28/2016,"1,343.50"
03/22/2017,"1,246.50"
11/01/2018,"1,219.00"
01/11/2022,"1,802.20"
09/10/2013,"1,371.90"
01/29/2016,"1,114.80"
11/09/2015,"1,089.00"
12/04/2017,"1,277.60"
12/06/2018,"1,243.00"
02/11/2014,"1,274.20"
05/27/2015,"1,187.60"
11/02/2018,"1,240.70"
11/05/2021,"1,792.90"
12/03/2018,"1,227.80"
06/25/2015,"1,174.10"
04/21/2014,"1,294.90"
01/08/2019,"1,290.40"
05/04/2018,"1,316.50"
01/15/2014,"1,241.40"
03/11/2015,"1,161.50"
02/06/2013,"1,673.40"
11/14/2019,"1,468.00"
10/10/2013,"1,307.00"
12/02/2016,"1,174.30"
07/24/2020,"1,889.60"
06/12/2013,"1,377.70"
08/04/2022,"1,771.90"
04/23/2014,"1,284.00"
07/17/2013,"1,290.90"
11/16/2020,"1,891.50"
11/01/2021,"1,785.50"
06/05/2020,"1,720.80"
01/27/2016,"1,119.80"
07/01/2022,"1,810.30"
02/14/2022,"1,862.20"
06/20/2018,"1,277.30"
03/30/2020,"1,663.40"
07/28/2021,"1,800.20"
10/16/2015,"1,182.50"
04/19/2022,"1,981.20"
04/14/2020,"1,761.50"
02/11/2015,"1,234.10"
09/09/2022,"1,716.00"
02/27/2017,"1,260.40"
07/11/2019,"1,424.10"
09/24/2021,"1,744.90"
05/09/2013,"1,472.40"
04/07/2014,"1,304.00"
02/21/2017,"1,236.40"
12/09/2020,"1,875.40"
01/31/2019,"1,325.40"
03/07/2022,"1,984.30"
01/28/2013,"1,660.60"
02/12/2018,"1,317.10"
02/01/2021,"1,865.00"
11/05/2014,"1,169.20"
07/01/2014,"1,328.90"
05/15/2017,"1,230.00"
11/07/2016,"1,293.00"
12/02/2021,"1,783.80"
11/29/2016,"1,196.60"
03/29/2019,"1,295.00"
04/09/2019,"1,301.60"
10/27/2022,"1,664.10"
10/08/2021,"1,757.00"
10/28/2015,"1,166.70"
05/01/2013,"1,450.30"
01/09/2014,"1,227.10"
07/08/2015,"1,154.80"
02/29/2016,"1,220.20"
10/29/2020,"1,871.60"
12/18/2014,"1,189.40"
09/12/2022,"1,731.00"
02/26/2015,"1,210.50"
08/27/2018,"1,209.20"
06/24/2021,"1,778.20"
01/18/2019,"1,294.80"
04/25/2017,"1,277.90"
04/27/2022,"1,907.40"
11/09/2017,"1,284.70"
02/23/2021,"1,809.30"
06/06/2013,"1,401.80"
10/22/2013,"1,315.50"
11/26/2014,"1,201.60"
08/06/2019,"1,473.90"
05/23/2013,"1,369.50"
01/30/2020,"1,582.40"
01/02/2019,"1,288.10"
07/12/2013,"1,286.20"
05/03/2013,"1,475.00"
03/15/2013,"1,590.60"
02/04/2016,"1,142.50"
11/11/2015,"1,092.50"
03/25/2019,"1,316.20"
08/20/2021,"1,780.30"
01/29/2021,"1,845.60"
03/13/2019,"1,304.00"
07/03/2019,"1,435.00"
11/07/2017,"1,282.70"
11/01/2016,"1,279.80"
02/19/2014,"1,322.00"
07/15/2022,"1,712.70"
02/26/2019,"1,329.90"
02/19/2020,"1,604.80"
